{ "_id" : "Male", "sred_waga" : 70.00895438029875, "sred_wys" : 166.73964675010092 }
{ "_id" : "Female", "sred_waga" : 70.11331573604062, "sred_wys" : 166.81260913705583 }